<?xml version="1.0" encoding="utf-8"?>
<!DOCTYPE hibernate-configuration SYSTEM 
"http://www.hibernate.org/dtd/hibernate-configuration-3.0.dtd">

<hibernate-configuration>
	<session-factory>

		<property name="hibernate.hbm2ddl.auto">
			validate
		</property>
		<property name="hibernate.dialect" >
			<!-- org.hibernate.dialect.MySQL5Dialect-->
			<!-- org.hibernate.dialect.MySQL5InnoDBDialect -->
			<!-- org.hibernate.dialect.MySQLInnoDBDialect-->
			org.hibernate.dialect.MySQLDialect
		</property>
		<property name="hibernate.connection.driver_class">
			com.mysql.jdbc.Driver
		</property>
 <property name="show_sql">true</property>
		<!-- Assume test is the database name -->
		<property name="hibernate.connection.url">
			jdbc:mysql://localhost/project4
		</property>
		<property name="hibernate.connection.username">
			root
		</property>
		<property name="hibernate.connection.password">
			password1
		</property>

		<!-- List of XML mapping files -->
		<!-- <mapping resource="Project4.hbm.xml" /> -->

	</session-factory>
</hibernate-configuration>